{"val_f1_score":0.24468864468864468,"_timestamp":1.7464565264347718e+09,"_runtime":835.326421225,"epoch":10,"_wandb":{"runtime":848},"_step":20,"train_accuracy":0.5659498207885305,"val_accuracy":0.5798611111111112,"training_plot":{"width":1200,"height":500,"_type":"image-file","sha256":"99e2066b87b02214785f739d3eeb3b1735bfad6c4ab3abaffac92f0112452bdd","size":67300,"path":"media/images/training_plot_20_99e2066b87b02214785f.png","format":"png"},"train_loss":0.916812266222465,"val_loss":0.985485863354471}